<application>
  <component name="CodeInsightSettings">
    <option name="AUTO_POPUP_JAVADOC_INFO" value="true" />
    <option name="ENABLE_SECOND_REFORMAT" value="true" />
  </component>
  <component name="CodeVisionSettings">
    <option name="codeVisionGroupToPosition">
      <map>
        <entry key="component.usage" value="Default" />
        <entry key="inheritors" value="Default" />
        <entry key="references" value="Default" />
        <entry key="vcs.code.vision" value="Default" />
      </map>
    </option>
    <option name="defaultPosition" value="Right" />
  </component>
  <component name="DaemonCodeAnalyzerSettings">
    <option name="AUTOREPARSE_DELAY" value="0" />
  </component>
  <component name="DeclarativeInlayHintsSettings">
    <option name="enabledOptions">
      <map>
        <entry key="js.type.hints#function.returns" value="true" />
        <entry key="js.type.hints#non.paren.single.param" value="false" />
        <entry key="js.type.hints#parameters.in.parens" value="false" />
        <entry key="js.type.hints#variables.and.fields" value="false" />
        <entry key="sql.column.names.inlay.hints#sql.show.column.names.for.asterisk" value="false" />
        <entry key="sql.column.names.inlay.hints#sql.show.column.names.for.set.operations" value="false" />
        <entry key="sql.column.names.inlay.hints#sql.show.column.names.in.insert.values" value="false" />
        <entry key="sql.column.names.inlay.hints#sql.show.column.names.in.select" value="false" />
        <entry key="sql.join.cardinality.hints#full.join" value="true" />
        <entry key="sql.join.cardinality.hints#inner.join" value="true" />
        <entry key="sql.join.cardinality.hints#left.join" value="true" />
        <entry key="sql.join.cardinality.hints#right.join" value="true" />
        <entry key="ts.type.hints#function.returns" value="false" />
        <entry key="ts.type.hints#non.paren.single.param" value="true" />
        <entry key="ts.type.hints#parameters.in.parens" value="true" />
        <entry key="ts.type.hints#variables.and.fields" value="true" />
      </map>
    </option>
    <option name="providerIdToEnabled">
      <map>
        <entry key="js.chain.hints" value="true" />
        <entry key="js.type.hints" value="true" />
        <entry key="qodana.yaml.inspection.descriptions" value="true" />
        <entry key="sql.column.names.inlay.hints" value="false" />
        <entry key="sql.join.cardinality.hints" value="true" />
        <entry key="ts.chain.hints" value="true" />
        <entry key="ts.enum.hints" value="true" />
        <entry key="ts.type.hints" value="true" />
      </map>
    </option>
  </component>
  <component name="InlayHintsSettings">
    <option name="lastViewedProviderKeyId" value="" />
  </component>
  <component name="InlineCompletionOnboarding">
    <option name="onboardingFinished" value="true" />
  </component>
</application>