<application>
  <component name="ProjectManager">
    <defaultProject>
      <component name="PropertiesComponent"><![CDATA[{
  "keyToString": {
    "settings.editor.selected.configurable": "preferences.pluginManager"
  }
}]]></component>
      <component name="WindowStateProjectService">
        <state x="460" y="154" key="SettingsEditor" timestamp="1757655336505">
          <screen x="0" y="0" width="1920" height="1040" />
        </state>
        <state x="460" y="154" key="SettingsEditor/0.0.1920.1040" timestamp="1757655336505" />
      </component>
    </defaultProject>
  </component>
</application>