<application>
  <component name="Trusted.Paths">
    <option name="TRUSTED_PROJECT_PATHS">
      <map>
        <entry key="C:\Users\snowman\WebstormProjects\5.x.x\greendata-front\core" value="true" />
        <entry key="C:\Users\snowman\WebstormProjects\5.x.x\greendata-project\greendata-core" value="true" />
        <entry key="C:\Users\snowman\WebstormProjects\6.x.x\greendata-front\core" value="true" />
        <entry key="C:\Users\snowman\WebstormProjects\6.x.x\greendata-project\greendata-core" value="true" />
        <entry key="C:\Users\snowman\WebstormProjects\7.x.x\greendata-front\core" value="true" />
        <entry key="C:\Users\snowman\WebstormProjects\7.x.x\greendata-project\greendata-core" value="true" />
        <entry key="C:\Users\snowman\WebstormProjects\clj-starting" value="true" />
        <entry key="C:\Users\snowman\WebstormProjects\clj-starting\resources" value="true" />
        <entry key="C:\Users\snowman\WebstormProjects\clj-starting\resources\public" value="true" />
        <entry key="C:\Users\snowman\WebstormProjects\clj-starting\src" value="true" />
        <entry key="C:\Users\snowman\WebstormProjects\dbd-logic" value="true" />
        <entry key="C:\Users\snowman\WebstormProjects\distr\greendata-front\core" value="true" />
        <entry key="C:\Users\snowman\WebstormProjects\distr\greendata-project" value="true" />
        <entry key="C:\Users\snowman\WebstormProjects\excel" value="true" />
        <entry key="C:\Users\snowman\WebstormProjects\formula" value="true" />
        <entry key="C:\Users\snowman\WebstormProjects\fuck" value="true" />
        <entry key="C:\Users\snowman\WebstormProjects\green-essjs" value="true" />
        <entry key="C:\Users\snowman\WebstormProjects\green-mathquill" value="true" />
        <entry key="C:\Users\snowman\WebstormProjects\greendata-front-core" value="true" />
        <entry key="C:\Users\snowman\WebstormProjects\homm-3" value="true" />
        <entry key="C:\Users\snowman\WebstormProjects\math" value="true" />
        <entry key="C:\Users\snowman\WebstormProjects\messenger" value="true" />
        <entry key="C:\Users\snowman\WebstormProjects\schedule" value="true" />
        <entry key="C:\Users\snowman\WebstormProjects\simple-ts" value="true" />
        <entry key="C:\Users\snowman\WebstormProjects\svelte" value="true" />
        <entry key="C:\Users\snowman\WebstormProjects\the-fucking-parser" value="true" />
        <entry key="C:\Users\snowman\WebstormProjects\ts-to-js-docs" value="true" />
      </map>
    </option>
  </component>
  <component name="Trusted.Paths.Settings">
    <option name="TRUSTED_PATHS">
      <list>
        <option value="C:\Users\snowman\WebstormProjects\distr\greendata-front" />
        <option value="C:\Users\snowman\WebstormProjects\7.x.x\greendata-front" />
        <option value="C:\Users\snowman\WebstormProjects\distr" />
        <option value="C:\Users\snowman\WebstormProjects\5.x.x\greendata-project" />
        <option value="C:\Users\snowman\WebstormProjects" />
      </list>
    </option>
  </component>
</application>