<application>
  <component name="DimensionService">
    <location key="find.popup.0.0.1920.1080" x="873" y="176" />
    <size key="find.popup.0.0.1920.1080" width="1045" height="864" />
    <size key="GridCell.Tab.0.left.0.0.1920.1080" width="792" height="363" />
    <size key="GridCell.Tab.0.center.0.0.1920.1080" width="792" height="363" />
    <size key="GridCell.Tab.0.right.0.0.1920.1080" width="792" height="363" />
    <size key="GridCell.Tab.0.bottom.0.0.1920.1080" width="792" height="363" />
    <size key="GridCell.Tab.2.left.0.0.1920.1080" width="736" height="334" />
    <size key="GridCell.Tab.2.center.0.0.1920.1080" width="736" height="334" />
    <size key="GridCell.Tab.2.right.0.0.1920.1080" width="736" height="334" />
    <size key="GridCell.Tab.2.bottom.0.0.1920.1080" width="736" height="334" />
    <size key="GridCell.Tab.1.left.0.0.1920.1080" width="736" height="334" />
    <size key="GridCell.Tab.1.center.0.0.1920.1080" width="736" height="334" />
    <size key="GridCell.Tab.1.right.0.0.1920.1080" width="736" height="334" />
    <size key="GridCell.Tab.1.bottom.0.0.1920.1080" width="736" height="334" />
    <size key="GridCell.Tab.3.left.0.0.1920.1080" width="736" height="334" />
    <size key="GridCell.Tab.3.center.0.0.1920.1080" width="736" height="334" />
    <size key="GridCell.Tab.3.right.0.0.1920.1080" width="736" height="334" />
    <size key="GridCell.Tab.3.bottom.0.0.1920.1080" width="736" height="334" />
  </component>
  <component name="WindowManager">
    <frame x="-8" y="-8" width="1930" height="1050" extendedState="6" />
  </component>
  <component name="WindowStateApplicationService">
    <state width="417" height="111" key="ShowUsagesActions.dimensionServiceKey" timestamp="1767811869529">
      <screen x="0" y="0" width="1920" height="1040" />
    </state>
    <state width="417" height="111" key="ShowUsagesActions.dimensionServiceKey/0.0.1920.1040" timestamp="1767811869529" />
    <state x="960" y="455" width="800" height="650" key="WELCOME_SCREEN" timestamp="1765855930281">
      <screen x="0" y="0" width="1920" height="1040" />
    </state>
    <state x="960" y="455" width="800" height="650" key="WELCOME_SCREEN/0.0.1920.1040" timestamp="1765855930281" />
    <state x="724" y="127" key="find.popup" timestamp="1764139661022">
      <screen x="0" y="0" width="1920" height="1040" />
    </state>
    <state x="724" y="127" key="find.popup/0.0.1920.1040" timestamp="1764139661022" />
  </component>
</application>